-- =============================================================================
-- LEADFLOW — 001_Create_roles.sql
-- Increment : 1 — Authentication & User Management
-- Contains  : Extensions, ENUM types, helper functions, roles table + RLS
-- SRS Ref   : UC001, UC002, UC003 — Section 2.1 User Roles
-- SDS Ref   : Section 5.4 — Role class | Section 5.5 — Entity: Role
-- Run Order : 1st — must run before ALL other migrations
-- =============================================================================

-- ---------------------------------------------------------------------------
-- EXTENSIONS
-- ---------------------------------------------------------------------------
CREATE EXTENSION IF NOT EXISTS "uuid-ossp";   -- uuid_generate_v4()
CREATE EXTENSION IF NOT EXISTS "pgcrypto";    -- crypt(), gen_salt() — password hashing
CREATE EXTENSION IF NOT EXISTS "pg_trgm";     -- GIN index for interaction message search

-- ---------------------------------------------------------------------------
-- ENUM TYPES — single source of truth for all status lifecycles
-- ---------------------------------------------------------------------------

-- User roles aligned to SRS Section 2.1
CREATE TYPE user_role_enum AS ENUM (
    'admin',
    'business_owner',
    'marketing_staff'
);

-- OTP verification states (UC002 — OTP login)
CREATE TYPE otp_status_enum AS ENUM (
    'pending',
    'verified',
    'expired'
);

-- AI content idea lifecycle (UC006 — Validate AI Content Ideas)
CREATE TYPE content_idea_status_enum AS ENUM (
    'pending_validation',   -- generated by GPT-4o, awaiting review
    'approved',             -- validated → auto-creates draft calendar entry
    'rejected'              -- dismissed, never enters content calendar
);

-- Full content scheduling lifecycle (UC007, UC008, UC009)
CREATE TYPE content_status_enum AS ENUM (
    'draft',                -- auto-created on idea approval
    'scheduled',            -- staff set publish date/time
    'uploaded',             -- media attached, ready for auto-publish
    'published',            -- successfully pushed to TikTok
    'failed',               -- auto-publish attempt failed
    'cancelled'             -- removed from queue manually
);

-- Media asset types (UC008 — Upload Content Feed in Calendar)
CREATE TYPE content_type_enum AS ENUM (
    'poster_photo',         -- static image post
    'short_video'           -- TikTok short-form video (max 50 MB)
);

-- TikTok interaction channel (UC010, UC012)
CREATE TYPE channel_type_enum AS ENUM (
    'comment',
    'dm'
);

-- Interaction handling lifecycle (UC011, UC012)
CREATE TYPE interaction_status_enum AS ENUM (
    'unclassified',
    'classified',
    'responded',
    'archived'
);

-- Python FastAPI AI intent categories (SDS Section 9b)
CREATE TYPE sentiment_type_enum AS ENUM (
    'lead_to_sales',        -- HIGH — purchase intent
    'complaint',            -- HIGH — negative experience
    'question',             -- MEDIUM — informational query
    'praise',               -- LOW — positive feedback
    'spam'                  -- LOW — irrelevant / bot
);

-- Priority levels from AI classifier
CREATE TYPE priority_level_enum AS ENUM (
    'high',
    'medium',
    'low'
);

-- Reply send status (UC012)
CREATE TYPE send_status_enum AS ENUM (
    'pending',
    'sent',
    'failed'
);

-- TikTok publish attempt result (UC009)
CREATE TYPE publish_result_enum AS ENUM (
    'success',
    'failed',
    'retrying'
);

-- TikTok OAuth connection state
CREATE TYPE tiktok_connection_status_enum AS ENUM (
    'connected',
    'disconnected',
    'token_expired'
);

-- ---------------------------------------------------------------------------
-- HELPER FUNCTIONS — used across all subsequent migrations
-- ---------------------------------------------------------------------------

-- UTC → WIB (Asia/Jakarta, GMT+7)
-- RULE: all timestamps stored UTC; converted to WIB ONLY in views and frontend
CREATE OR REPLACE FUNCTION to_wib(ts TIMESTAMPTZ)
RETURNS TIMESTAMPTZ LANGUAGE SQL IMMUTABLE AS $$
    SELECT ts AT TIME ZONE 'Asia/Jakarta';
$$;

-- Current WIB timestamp (used for seed data and display assertions)
CREATE OR REPLACE FUNCTION now_wib()
RETURNS TIMESTAMPTZ LANGUAGE SQL STABLE AS $$
    SELECT NOW() AT TIME ZONE 'Asia/Jakarta';
$$;

-- Shared trigger: auto-update updated_at column (reused in 002–010)
CREATE OR REPLACE FUNCTION trigger_set_updated_at()
RETURNS TRIGGER LANGUAGE plpgsql AS $$
BEGIN
    NEW.updated_at = NOW();
    RETURN NEW;
END;
$$;

-- RLS helper: extract caller's role from Supabase JWT claims
CREATE OR REPLACE FUNCTION get_caller_role()
RETURNS TEXT LANGUAGE SQL STABLE AS $$
    SELECT COALESCE(
        current_setting('request.jwt.claims', TRUE)::jsonb ->> 'role',
        'anonymous'
    );
$$;

-- RLS helper: extract caller's user UUID from Supabase JWT sub claim
CREATE OR REPLACE FUNCTION get_caller_user_id()
RETURNS UUID LANGUAGE SQL STABLE AS $$
    SELECT COALESCE(
        (current_setting('request.jwt.claims', TRUE)::jsonb ->> 'sub')::UUID,
        NULL
    );
$$;

-- ---------------------------------------------------------------------------
-- TABLE: roles
-- SDS Entity: Role — Attributes: roleid, roleName
-- Three fixed roles per SRS Section 2.1. Never deleted.
-- ---------------------------------------------------------------------------
CREATE TABLE IF NOT EXISTS roles (
    id          UUID            PRIMARY KEY DEFAULT uuid_generate_v4(),
    name        user_role_enum  NOT NULL UNIQUE,
    description TEXT,
    created_at  TIMESTAMPTZ     NOT NULL DEFAULT NOW()
);

COMMENT ON TABLE  roles      IS 'RBAC role definitions. Three fixed roles: admin, business_owner, marketing_staff.';
COMMENT ON COLUMN roles.name IS 'user_role_enum — enforced via FK in users table.';

-- ---------------------------------------------------------------------------
-- RLS: roles
-- ---------------------------------------------------------------------------
ALTER TABLE roles ENABLE ROW LEVEL SECURITY;

CREATE POLICY rls_roles_read_auth ON roles
    FOR SELECT USING (get_caller_role() != 'anonymous');

CREATE POLICY rls_roles_admin_all ON roles
    FOR ALL USING (get_caller_role() = 'admin');
-- =============================================================================
-- LEADFLOW — 002_Create_users.sql
-- Increment : 1 — Authentication & User Management
-- Contains  : users, otp_tokens, refresh_tokens tables + triggers + RLS
-- SRS Ref   : UC001 Register Account, UC002 Authenticate User
-- SDS Ref   : Section 5.4 — User class | Section 5.8 — SD001, SD002
--             Section 5.5 — Entity: User | Data Dict: <User>
-- Depends   : 001_Create_roles.sql
-- =============================================================================

-- ---------------------------------------------------------------------------
-- TABLE: users
-- Core authentication table. Password stored as bcrypt hash (pgcrypto).
-- JWT issued ONLY after OTP verified (UC002 Normal Flow).
-- SDS Entity: User — Attributes: userid, roleid, email, passwordHash
-- ---------------------------------------------------------------------------
CREATE TABLE IF NOT EXISTS users (
    id              UUID        PRIMARY KEY DEFAULT uuid_generate_v4(),
    role_id         UUID        NOT NULL REFERENCES roles(id) ON DELETE RESTRICT,
    email           VARCHAR(255) NOT NULL UNIQUE,
    password_hash   TEXT        NOT NULL,       -- bcrypt via pgcrypto crypt()
    is_active       BOOLEAN     NOT NULL DEFAULT TRUE,
    email_verified  BOOLEAN     NOT NULL DEFAULT FALSE,
    last_login_at   TIMESTAMPTZ,
    created_at      TIMESTAMPTZ NOT NULL DEFAULT NOW(),
    updated_at      TIMESTAMPTZ NOT NULL DEFAULT NOW()
);

COMMENT ON TABLE  users               IS 'Core auth table. One row per system user. Password NEVER stored plaintext.';
COMMENT ON COLUMN users.password_hash IS 'Bcrypt hash via pgcrypto crypt(password, gen_salt(''bf'', 12)). Never store raw.';
COMMENT ON COLUMN users.role_id       IS 'FK to roles — RBAC enforced at DB + middleware layer.';

CREATE INDEX idx_users_email   ON users (email);
CREATE INDEX idx_users_role_id ON users (role_id);

-- Auto-update updated_at
CREATE TRIGGER trg_users_updated_at
    BEFORE UPDATE ON users
    FOR EACH ROW EXECUTE FUNCTION trigger_set_updated_at();

-- ---------------------------------------------------------------------------
-- TABLE: otp_tokens
-- 6-digit OTP for UC002 (email-based 2FA). Expires in 5 minutes.
-- One active OTP per user — old ones marked expired on new generation.
-- SDS Ref: SD002 Sequence — Authenticate User (OTP step)
-- ---------------------------------------------------------------------------
CREATE TABLE IF NOT EXISTS otp_tokens (
    id          UUID            PRIMARY KEY DEFAULT uuid_generate_v4(),
    user_id     UUID            NOT NULL REFERENCES users(id) ON DELETE CASCADE,
    token_hash  TEXT            NOT NULL,       -- hashed OTP — raw value sent via email only
    status      otp_status_enum NOT NULL DEFAULT 'pending',
    expires_at  TIMESTAMPTZ     NOT NULL DEFAULT (NOW() + INTERVAL '5 minutes'),
    used_at     TIMESTAMPTZ,
    created_at  TIMESTAMPTZ     NOT NULL DEFAULT NOW()
);

COMMENT ON TABLE otp_tokens IS '6-digit email OTP for JWT login. Expires 5 min. Hash stored — raw value emailed to user.';

CREATE INDEX idx_otp_user_id  ON otp_tokens (user_id);
CREATE INDEX idx_otp_expires  ON otp_tokens (expires_at);

-- Auto-expire OTP if window has passed
CREATE OR REPLACE FUNCTION trigger_expire_otp()
RETURNS TRIGGER LANGUAGE plpgsql AS $$
BEGIN
    IF NEW.status = 'pending' AND NEW.expires_at < NOW() THEN
        NEW.status = 'expired';
    END IF;
    RETURN NEW;
END;
$$;

CREATE TRIGGER trg_otp_expire_check
    BEFORE UPDATE ON otp_tokens
    FOR EACH ROW EXECUTE FUNCTION trigger_expire_otp();

-- ---------------------------------------------------------------------------
-- TABLE: refresh_tokens
-- Long-lived tokens for JWT refresh rotation.
-- Rotated on every use — old token revoked when new one issued.
-- SDS Ref: Section 5.6 — NFR-001 Security
-- ---------------------------------------------------------------------------
CREATE TABLE IF NOT EXISTS refresh_tokens (
    id              UUID        PRIMARY KEY DEFAULT uuid_generate_v4(),
    user_id         UUID        NOT NULL REFERENCES users(id) ON DELETE CASCADE,
    token_hash      TEXT        NOT NULL UNIQUE,
    is_revoked      BOOLEAN     NOT NULL DEFAULT FALSE,
    expires_at      TIMESTAMPTZ NOT NULL DEFAULT (NOW() + INTERVAL '7 days'),
    created_at      TIMESTAMPTZ NOT NULL DEFAULT NOW(),
    last_used_at    TIMESTAMPTZ
);

COMMENT ON TABLE refresh_tokens IS 'JWT refresh tokens. Rotation on use — previous token revoked. 7-day expiry.';

CREATE INDEX idx_refresh_user_id ON refresh_tokens (user_id);
CREATE INDEX idx_refresh_hash    ON refresh_tokens (token_hash);
CREATE INDEX idx_refresh_expires ON refresh_tokens (expires_at) WHERE is_revoked = FALSE;

-- ---------------------------------------------------------------------------
-- RLS: users
-- Admin sees all; users see and update only themselves
-- ---------------------------------------------------------------------------
ALTER TABLE users ENABLE ROW LEVEL SECURITY;

CREATE POLICY rls_users_admin_all ON users
    FOR ALL USING (get_caller_role() = 'admin');

CREATE POLICY rls_users_self_select ON users
    FOR SELECT USING (id = get_caller_user_id());

CREATE POLICY rls_users_self_update ON users
    FOR UPDATE USING (id = get_caller_user_id());

-- ---------------------------------------------------------------------------
-- RLS: otp_tokens
-- Backend service role only — never accessed directly by frontend
-- ---------------------------------------------------------------------------
ALTER TABLE otp_tokens ENABLE ROW LEVEL SECURITY;

CREATE POLICY rls_otp_admin_only ON otp_tokens
    FOR ALL USING (get_caller_role() = 'admin');

-- ---------------------------------------------------------------------------
-- RLS: refresh_tokens
-- Users can only access their own refresh tokens
-- ---------------------------------------------------------------------------
ALTER TABLE refresh_tokens ENABLE ROW LEVEL SECURITY;

CREATE POLICY rls_refresh_self ON refresh_tokens
    FOR ALL USING (user_id = get_caller_user_id());
-- =============================================================================
-- LEADFLOW — 003_Create_user_profiles.sql
-- Increment : 1 — Authentication & User Management
-- Contains  : user_profiles table + auto-create trigger + view + RLS
-- SRS Ref   : UC003 Manage Account
-- SDS Ref   : Section 5.4 — UserProfile class
--             Section 5.5 — Entity: UserProfile — Data Dict <UserProfile>
--             Section 5.8 — SD003 Sequence: Manage Account
-- Depends   : 001_Create_roles.sql, 002_Create_users.sql
-- =============================================================================

-- ---------------------------------------------------------------------------
-- TABLE: user_profiles
-- Separated from users table for clean auth/profile boundary.
-- Auto-created when a user is inserted (trigger below).
-- SDS Entity: UserProfile
-- Attributes: profileId, userId, fullName, phone, email
-- ---------------------------------------------------------------------------
CREATE TABLE IF NOT EXISTS user_profiles (
    id              UUID        PRIMARY KEY DEFAULT uuid_generate_v4(),
    user_id         UUID        NOT NULL UNIQUE REFERENCES users(id) ON DELETE CASCADE,
    full_name       VARCHAR(150) NOT NULL,
    phone           VARCHAR(20),
    avatar_url      TEXT,
    preferred_lang  VARCHAR(10) NOT NULL DEFAULT 'id',  -- 'id' = Bahasa Indonesia default
    created_at      TIMESTAMPTZ NOT NULL DEFAULT NOW(),
    updated_at      TIMESTAMPTZ NOT NULL DEFAULT NOW()
);

COMMENT ON TABLE  user_profiles          IS 'Personal profile data. Separated from auth credentials. Auto-created on user insert.';
COMMENT ON COLUMN user_profiles.user_id  IS 'One-to-one with users. CASCADE delete — profile removed with user.';

CREATE INDEX idx_user_profiles_user_id ON user_profiles (user_id);

-- Auto-update updated_at
CREATE TRIGGER trg_user_profiles_updated_at
    BEFORE UPDATE ON user_profiles
    FOR EACH ROW EXECUTE FUNCTION trigger_set_updated_at();

-- ---------------------------------------------------------------------------
-- TRIGGER: auto-create user_profile when new user is inserted
-- Ensures profile row ALWAYS exists — avoids null checks in backend
-- Default full_name taken from email prefix until staff updates it
-- SDS UC003 NF: Admin can update profile fields
-- ---------------------------------------------------------------------------
CREATE OR REPLACE FUNCTION trigger_create_user_profile()
RETURNS TRIGGER LANGUAGE plpgsql AS $$
BEGIN
    INSERT INTO user_profiles (user_id, full_name)
    VALUES (NEW.id, split_part(NEW.email, '@', 1));
    RETURN NEW;
END;
$$;

CREATE TRIGGER trg_auto_create_user_profile
    AFTER INSERT ON users
    FOR EACH ROW EXECUTE FUNCTION trigger_create_user_profile();

-- ---------------------------------------------------------------------------
-- VIEW: v_users_with_roles
-- Admin user management panel — joins user + role + profile
-- All timestamps converted to WIB (GMT+7) per display layer rule
-- Used by: UC003 Manage Account — Admin page
-- ---------------------------------------------------------------------------
CREATE OR REPLACE VIEW v_users_with_roles AS
SELECT
    u.id                                AS user_id,
    u.email,
    r.name                              AS role,
    p.full_name,
    p.phone,
    p.avatar_url,
    u.is_active,
    u.email_verified,
    to_wib(u.created_at)                AS created_at_wib,
    to_wib(u.last_login_at)             AS last_login_wib,
    to_wib(u.updated_at)                AS updated_at_wib
FROM users u
JOIN  roles         r ON r.id     = u.role_id
LEFT JOIN user_profiles p ON p.user_id = u.id;

COMMENT ON VIEW v_users_with_roles IS 'Admin panel view. Full user list with roles and profiles. Times in WIB.';

-- ---------------------------------------------------------------------------
-- RLS: user_profiles
-- Admin has full access; users can only read/update their own profile
-- ---------------------------------------------------------------------------
ALTER TABLE user_profiles ENABLE ROW LEVEL SECURITY;

CREATE POLICY rls_profiles_admin_all ON user_profiles
    FOR ALL USING (get_caller_role() = 'admin');

CREATE POLICY rls_profiles_self_all ON user_profiles
    FOR ALL USING (user_id = get_caller_user_id());
-- =============================================================================
-- LEADFLOW — 004_create_prompts.sql
-- Increment : 2 — Content Generation
-- Contains  : prompts table + trigger + view + RLS
-- SRS Ref   : UC004 Input Prompt Idea, UC005 Generate Content Idea
-- SDS Ref   : Section 5.4 — Prompt class
--             Section 5.5 — Entity: Prompt — Data Dict <Prompt>
--             Section 5.8 — SD004 Input Prompt, SD005 Generate Content Idea
--             Section 5.9 — Algorithm: generateContentIdea()
-- Depends   : 001_Create_roles.sql, 002_Create_users.sql
-- =============================================================================

-- ---------------------------------------------------------------------------
-- TABLE: prompts
-- Marketing Staff submits a content brief here as input for GPT-4o.
-- A single prompt can generate multiple ideas (up to 3 per SDS UC006).
-- SDS Entity: Prompt
-- Attributes: promptId, userId, promptText
-- ---------------------------------------------------------------------------
CREATE TABLE IF NOT EXISTS prompts (
    id              UUID        PRIMARY KEY DEFAULT uuid_generate_v4(),
    user_id         UUID        NOT NULL REFERENCES users(id) ON DELETE SET NULL,

    -- Core prompt data (SDS SD004 — Input Prompt Data)
    prompt_text     TEXT        NOT NULL,           -- marketing brief from Marketing Staff
    target_audience VARCHAR(255),                   -- e.g. "young adults 18-30 in Bogor"
    content_theme   VARCHAR(150),                   -- e.g. "menu_showcase", "promotion"

    -- Cached count of ideas generated from this prompt
    -- Updated by trigger in 005_create_content_ideas.sql
    ideas_count     INT         NOT NULL DEFAULT 0,

    created_at      TIMESTAMPTZ NOT NULL DEFAULT NOW(),
    updated_at      TIMESTAMPTZ NOT NULL DEFAULT NOW()
);

COMMENT ON TABLE  prompts             IS 'Marketing brief inputs submitted by Marketing Staff. Each prompt fed to OpenAI GPT-4o.';
COMMENT ON COLUMN prompts.prompt_text IS 'Full brief text sent to GPT-4o as user prompt. Stored for regeneration (UC005 AF1).';
COMMENT ON COLUMN prompts.ideas_count IS 'Cached count — synced by trigger in 005_create_content_ideas.sql on INSERT/DELETE.';

CREATE INDEX idx_prompts_user_id  ON prompts (user_id);
CREATE INDEX idx_prompts_created  ON prompts (created_at DESC);

-- Auto-update updated_at
CREATE TRIGGER trg_prompts_updated_at
    BEFORE UPDATE ON prompts
    FOR EACH ROW EXECUTE FUNCTION trigger_set_updated_at();

-- ---------------------------------------------------------------------------
-- VIEW: v_prompts_summary
-- Prompt listing page for Marketing Staff
-- Shows who created each prompt and how many ideas were generated
-- ---------------------------------------------------------------------------
CREATE OR REPLACE VIEW v_prompts_summary AS
SELECT
    p.id                            AS prompt_id,
    p.prompt_text,
    p.target_audience,
    p.content_theme,
    p.ideas_count,
    u.email                         AS created_by_email,
    up.full_name                    AS created_by_name,
    to_wib(p.created_at)            AS created_at_wib,
    to_wib(p.updated_at)            AS updated_at_wib
FROM prompts p
JOIN  users         u  ON u.id      = p.user_id
LEFT JOIN user_profiles up ON up.user_id = p.user_id;

COMMENT ON VIEW v_prompts_summary IS 'Prompt listing for Marketing Staff AI page. WIB timestamps.';

-- ---------------------------------------------------------------------------
-- RLS: prompts
-- Marketing Staff: CRUD on their own prompts
-- Admin: read all (for oversight)
-- Business Owner: no access (content creation is staff-only)
-- ---------------------------------------------------------------------------
ALTER TABLE prompts ENABLE ROW LEVEL SECURITY;

CREATE POLICY rls_prompts_admin_read ON prompts
    FOR SELECT USING (get_caller_role() = 'admin');

CREATE POLICY rls_prompts_staff_own ON prompts
    FOR ALL USING (
        get_caller_role() = 'marketing_staff'
        AND user_id = get_caller_user_id()
    );
-- =============================================================================
-- LEADFLOW — 005_create_content_ideas.sql
-- Increment : 2 — Content Generation
-- Contains  : content_ideas table + idea count trigger + view + RLS
-- SRS Ref   : UC005 Generate Content Idea, UC006 Validate AI Content Ideas
-- SDS Ref   : Section 5.4 — ContentIdea class
--             Section 5.5 — Entity: ContentIdea — Data Dict <ContentIdea>
--             Section 5.8 — SD005, SD006
--             Section 5.9 — Algorithm: generateContentIdea()
-- Depends   : 001_Create_roles.sql, 002_Create_users.sql, 004_create_prompts.sql
-- NOTE      : Approval trigger (→ auto-create draft schedule) is in
--             006_create_content_queue_schedules.sql to avoid circular deps
-- =============================================================================

-- ---------------------------------------------------------------------------
-- TABLE: content_ideas
-- Stores GPT-4o generated ideas. Up to 3 per prompt (SDS UC006).
-- Status transitions:
--   pending_validation → approved  (triggers draft in calendar)
--   pending_validation → rejected  (never enters calendar)
-- SDS Entity: ContentIdea
-- Attributes: ideaId, promptId, ideaTitle, hook, caption, hashtags
-- ---------------------------------------------------------------------------
CREATE TABLE IF NOT EXISTS content_ideas (
    id                  UUID                        PRIMARY KEY DEFAULT uuid_generate_v4(),
    prompt_id           UUID                        NOT NULL REFERENCES prompts(id) ON DELETE CASCADE,
    created_by          UUID                        NOT NULL REFERENCES users(id) ON DELETE SET NULL,

    -- AI-generated content fields (SDS Section 5.4.2 — ContentIdea attributes)
    idea_title          VARCHAR(255)    NOT NULL,
    hook                TEXT,                           -- opening hook for TikTok first 3 sec
    caption             TEXT            NOT NULL,       -- full post caption
    hashtags            TEXT[],                         -- array e.g. {'#KrenchChicken','#BogorFood'}
    suggested_music     VARCHAR(255),                   -- music track suggestion
    estimated_duration  INT,                            -- suggested video length (seconds)

    -- Validation lifecycle (SDS UC006)
    status              content_idea_status_enum    NOT NULL DEFAULT 'pending_validation',
    rejected_reason     TEXT,                           -- required when status = 'rejected'
    validated_by        UUID            REFERENCES users(id) ON DELETE SET NULL,
    validated_at        TIMESTAMPTZ,

    -- AI generation metadata
    ai_model_used       VARCHAR(50)     NOT NULL DEFAULT 'gpt-4o',
    generation_tokens   INT,                            -- token usage for cost monitoring

    created_at          TIMESTAMPTZ     NOT NULL DEFAULT NOW(),
    updated_at          TIMESTAMPTZ     NOT NULL DEFAULT NOW()
);

COMMENT ON TABLE  content_ideas        IS 'GPT-4o generated ideas. Max 3 per prompt. Approval auto-creates calendar draft.';
COMMENT ON COLUMN content_ideas.status IS 'pending_validation → approved (triggers draft) OR rejected (no calendar entry).';
COMMENT ON COLUMN content_ideas.hook   IS 'Opening line to hook TikTok viewers in first 3 seconds of video.';
COMMENT ON COLUMN content_ideas.hashtags IS 'PostgreSQL text array. Stored as {''#KrenchChicken'',''#BogorFood'',...}.';

CREATE INDEX idx_content_ideas_prompt_id ON content_ideas (prompt_id);
CREATE INDEX idx_content_ideas_status    ON content_ideas (status);
CREATE INDEX idx_content_ideas_created   ON content_ideas (created_at DESC);

-- Auto-update updated_at
CREATE TRIGGER trg_content_ideas_updated_at
    BEFORE UPDATE ON content_ideas
    FOR EACH ROW EXECUTE FUNCTION trigger_set_updated_at();

-- ---------------------------------------------------------------------------
-- TRIGGER: sync ideas_count on prompts table
-- Increments when idea inserted, decrements when deleted
-- Keeps prompt listing accurate without COUNT(*) queries
-- ---------------------------------------------------------------------------
CREATE OR REPLACE FUNCTION trigger_sync_prompt_ideas_count()
RETURNS TRIGGER LANGUAGE plpgsql AS $$
BEGIN
    IF TG_OP = 'INSERT' THEN
        UPDATE prompts SET ideas_count = ideas_count + 1 WHERE id = NEW.prompt_id;
    ELSIF TG_OP = 'DELETE' THEN
        UPDATE prompts SET ideas_count = GREATEST(ideas_count - 1, 0) WHERE id = OLD.prompt_id;
    END IF;
    RETURN NULL;
END;
$$;

CREATE TRIGGER trg_prompt_ideas_count_sync
    AFTER INSERT OR DELETE ON content_ideas
    FOR EACH ROW EXECUTE FUNCTION trigger_sync_prompt_ideas_count();

-- ---------------------------------------------------------------------------
-- VIEW: v_content_ideas_detail
-- Validation page — shows all ideas with parent prompt context
-- Used by: UC006 Validate AI Content Ideas — Marketing Staff
-- ---------------------------------------------------------------------------
CREATE OR REPLACE VIEW v_content_ideas_detail AS
SELECT
    ci.id                               AS idea_id,
    ci.idea_title,
    ci.hook,
    ci.caption,
    ci.hashtags,
    ci.suggested_music,
    ci.estimated_duration,
    ci.status,
    ci.rejected_reason,
    ci.ai_model_used,
    ci.generation_tokens,
    p.id                                AS prompt_id,
    p.prompt_text,
    p.target_audience,
    p.content_theme,
    u.email                             AS created_by_email,
    up.full_name                        AS created_by_name,
    vu.email                            AS validated_by_email,
    to_wib(ci.created_at)               AS created_at_wib,
    to_wib(ci.validated_at)             AS validated_at_wib
FROM content_ideas ci
JOIN  prompts       p  ON p.id       = ci.prompt_id
JOIN  users         u  ON u.id       = ci.created_by
LEFT JOIN user_profiles up ON up.user_id  = ci.created_by
LEFT JOIN users         vu ON vu.id  = ci.validated_by;

COMMENT ON VIEW v_content_ideas_detail IS 'Full idea detail for validation UI. Includes prompt context and validator info. WIB timestamps.';

-- ---------------------------------------------------------------------------
-- RLS: content_ideas
-- Marketing Staff: full CRUD (create + validate)
-- Business Owner: read only (monitoring)
-- Admin: full access
-- ---------------------------------------------------------------------------
ALTER TABLE content_ideas ENABLE ROW LEVEL SECURITY;

CREATE POLICY rls_ideas_admin_all ON content_ideas
    FOR ALL USING (get_caller_role() = 'admin');

CREATE POLICY rls_ideas_staff_all ON content_ideas
    FOR ALL USING (get_caller_role() = 'marketing_staff');

CREATE POLICY rls_ideas_owner_read ON content_ideas
    FOR SELECT USING (get_caller_role() = 'business_owner');
-- =============================================================================
-- LEADFLOW — 006_create_content_queue_schedules.sql
-- Increment : 3 — Content Scheduling
-- Contains  : content_queue_schedules table + auto-draft trigger +
--             calendar view + publish queue view + RLS
-- SRS Ref   : UC007 Manage Content Schedule Queue
-- SDS Ref   : Section 5.4 — ContentQueueSchedule class
--             Section 5.5 — Entity: ContentQueueSchedule — Data Dict
--             Section 5.8 — SD007 Add, SD008 Edit, SD009 Remove, SD010 Filter
--             Section 6   — UI: Management Content Schedule Queue Page
-- Depends   : 001–005 migrations
-- FK NOTE   : tiktok_account_id FK is added via ALTER TABLE in
--             009_create_tiktok_accounts.sql (avoids forward reference)
-- =============================================================================

-- ---------------------------------------------------------------------------
-- TABLE: content_queue_schedules
-- Central scheduling engine of LeadFlow.
-- Draft row auto-created when content_idea status → 'approved' (trigger below).
-- Marketing Staff then sets scheduled_at and attaches media asset.
-- SDS Entity: ContentQueueSchedule
-- Attributes: queueCalendarId, ideaId, createdBy, priorityOrderSchedule,
--             contentStatus, tiktokConnected, scheduledAt, autoPublish
-- ---------------------------------------------------------------------------
CREATE TABLE IF NOT EXISTS content_queue_schedules (
    id                  UUID                PRIMARY KEY DEFAULT uuid_generate_v4(),
    idea_id             UUID                NOT NULL REFERENCES content_ideas(id) ON DELETE CASCADE,

    -- tiktok_account_id — FK added in 009_create_tiktok_accounts.sql
    -- Stored here as plain UUID until tiktok_accounts table exists
    tiktok_account_id   UUID,

    created_by          UUID                NOT NULL REFERENCES users(id) ON DELETE SET NULL,

    -- Scheduling control
    status              content_status_enum NOT NULL DEFAULT 'draft',
    priority_order      INT                 NOT NULL DEFAULT 0,     -- drag-drop ordering (UC007 NF13)
    scheduled_at        TIMESTAMPTZ,                                -- UTC stored, WIB displayed
    auto_publish        BOOLEAN             NOT NULL DEFAULT TRUE,  -- trigger TikTok API at scheduled_at

    -- Content field overrides — staff can edit AI-generated values (UC007 AF1)
    custom_caption      TEXT,
    custom_hashtags     TEXT[],
    custom_music_title  VARCHAR(255),

    -- TikTok publish settings
    platform            VARCHAR(50)         NOT NULL DEFAULT 'tiktok',
    privacy_level       VARCHAR(50)         NOT NULL DEFAULT 'PUBLIC_TO_EVERYONE',
    allow_comment       BOOLEAN             NOT NULL DEFAULT TRUE,
    allow_duet          BOOLEAN             NOT NULL DEFAULT FALSE,
    allow_stitch        BOOLEAN             NOT NULL DEFAULT FALSE,

    -- Timestamps (all UTC — displayed as WIB in UI)
    created_at          TIMESTAMPTZ         NOT NULL DEFAULT NOW(),
    updated_at          TIMESTAMPTZ         NOT NULL DEFAULT NOW(),
    published_at        TIMESTAMPTZ,        -- set when publish succeeds
    failed_at           TIMESTAMPTZ         -- set when publish fails
);

COMMENT ON TABLE  content_queue_schedules            IS 'Core schedule queue. Draft auto-created on idea approval. Staff sets time + uploads media.';
COMMENT ON COLUMN content_queue_schedules.scheduled_at IS 'Stored UTC. Node.js cron polls this every 60s. Displayed WIB in UI.';
COMMENT ON COLUMN content_queue_schedules.priority_order IS 'Drag-drop order in calendar (UC007 NF13). Lower = higher on screen.';
COMMENT ON COLUMN content_queue_schedules.tiktok_account_id IS 'FK constraint added in 009_create_tiktok_accounts.sql.';

CREATE INDEX idx_cqs_status         ON content_queue_schedules (status);
CREATE INDEX idx_cqs_scheduled_at   ON content_queue_schedules (scheduled_at) WHERE status = 'uploaded';
CREATE INDEX idx_cqs_tiktok_account ON content_queue_schedules (tiktok_account_id);
CREATE INDEX idx_cqs_created_by     ON content_queue_schedules (created_by);
CREATE INDEX idx_cqs_idea_id        ON content_queue_schedules (idea_id);

-- Auto-update updated_at
CREATE TRIGGER trg_cqs_updated_at
    BEFORE UPDATE ON content_queue_schedules
    FOR EACH ROW EXECUTE FUNCTION trigger_set_updated_at();

-- ---------------------------------------------------------------------------
-- TRIGGER: auto-create DRAFT schedule when idea is APPROVED
-- SDS UC006 Postcondition:
--   "Approved content ideas are automatically created as Draft entries
--    in the content calendar."
-- SRS US006 NF7: "system automatically creates a draft schedule entry"
-- ---------------------------------------------------------------------------
CREATE OR REPLACE FUNCTION trigger_auto_create_draft_schedule()
RETURNS TRIGGER LANGUAGE plpgsql AS $$
BEGIN
    -- Only fire on transition TO 'approved'
    IF NEW.status = 'approved' AND OLD.status != 'approved' THEN
        INSERT INTO content_queue_schedules (
            idea_id,
            created_by,
            status,
            auto_publish
        ) VALUES (
            NEW.id,
            NEW.validated_by,       -- the staff member who approved it
            'draft',
            TRUE
        );
    END IF;
    RETURN NEW;
END;
$$;

CREATE TRIGGER trg_idea_approved_create_draft
    AFTER UPDATE ON content_ideas
    FOR EACH ROW EXECUTE FUNCTION trigger_auto_create_draft_schedule();

-- ---------------------------------------------------------------------------
-- VIEW: v_content_calendar
-- Full calendar view for Marketing Staff UI (UC007).
-- Joins schedule + idea + last publish result. WIB timestamps.
-- Uses COALESCE to give staff overrides priority over AI defaults.
-- ---------------------------------------------------------------------------
CREATE OR REPLACE VIEW v_content_calendar AS
SELECT
    cqs.id                                              AS schedule_id,
    cqs.idea_id,
    cqs.tiktok_account_id,
    cqs.status,
    cqs.priority_order,
    cqs.auto_publish,
    cqs.privacy_level,
    cqs.allow_comment,
    cqs.allow_duet,
    cqs.allow_stitch,

    -- Display WIB (GMT+7)
    to_wib(cqs.scheduled_at)                            AS scheduled_at_wib,
    to_wib(cqs.published_at)                            AS published_at_wib,
    to_wib(cqs.failed_at)                               AS failed_at_wib,
    to_wib(cqs.created_at)                              AS created_at_wib,

    -- AI-generated idea fields
    ci.idea_title,
    ci.hook,
    ci.estimated_duration,

    -- COALESCE: staff custom override takes priority over AI-generated default
    COALESCE(cqs.custom_caption,    ci.caption)         AS effective_caption,
    COALESCE(cqs.custom_hashtags,   ci.hashtags)        AS effective_hashtags,
    COALESCE(cqs.custom_music_title, ci.suggested_music) AS effective_music,

    -- Creator
    up.full_name                                        AS created_by_name

FROM content_queue_schedules cqs
JOIN  content_ideas  ci ON ci.id     = cqs.idea_id
LEFT JOIN user_profiles up ON up.user_id = cqs.created_by;

COMMENT ON VIEW v_content_calendar IS 'Calendar UI view. COALESCE gives staff overrides priority over AI defaults. WIB timestamps.';

-- ---------------------------------------------------------------------------
-- VIEW: v_publish_queue
-- Used by Node.js auto-publish cron job (runs every 60 seconds).
-- Returns only content that is due to publish NOW (status=uploaded, past due).
-- Asset and token joined here so backend has everything in one query.
-- ---------------------------------------------------------------------------
CREATE OR REPLACE VIEW v_publish_queue AS
SELECT
    cqs.id                  AS schedule_id,
    cqs.tiktok_account_id,
    cqs.scheduled_at,
    cqs.privacy_level,
    cqs.allow_comment,
    cqs.allow_duet,
    cqs.allow_stitch,
    COALESCE(cqs.custom_caption,  ci.caption)   AS caption,
    COALESCE(cqs.custom_hashtags, ci.hashtags)  AS hashtags,
    ci.idea_title
FROM content_queue_schedules cqs
JOIN content_ideas ci ON ci.id = cqs.idea_id
WHERE cqs.status       = 'uploaded'
  AND cqs.auto_publish  = TRUE
  AND cqs.scheduled_at <= NOW();

COMMENT ON VIEW v_publish_queue IS 'Auto-publish queue. Polled by Node.js scheduler every 60 seconds. Backend joins token from tiktok_accounts.';

-- ---------------------------------------------------------------------------
-- RLS: content_queue_schedules
-- Marketing Staff: full CRUD
-- Business Owner: read only
-- Admin: full access
-- ---------------------------------------------------------------------------
ALTER TABLE content_queue_schedules ENABLE ROW LEVEL SECURITY;

CREATE POLICY rls_cqs_admin_all ON content_queue_schedules
    FOR ALL USING (get_caller_role() = 'admin');

CREATE POLICY rls_cqs_staff_all ON content_queue_schedules
    FOR ALL USING (get_caller_role() = 'marketing_staff');

CREATE POLICY rls_cqs_owner_read ON content_queue_schedules
    FOR SELECT USING (get_caller_role() = 'business_owner');
-- =============================================================================
-- LEADFLOW — 007_create_content_assets.sql
-- Increment : 3 — Content Scheduling
-- Contains  : content_assets table + status-advance trigger + RLS
-- SRS Ref   : UC008 Upload Content Feed in Calendar
-- SDS Ref   : Section 5.4 — ContentAsset class
--             Section 5.5 — Entity: ContentAsset — Data Dict <ContentAsset>
--             Section 5.8 — SD011 Upload Content Feed in Calendar
--             Section 5.6 — Hardware Interface: upload via browser
-- STD Ref   : TC008_01 – TC008_04 (poster, multi-poster, video, >50MB)
-- Depends   : 001–006 migrations
-- STORAGE   : Files stored in Supabase Storage bucket 'content-assets' (private)
--             Max file size: 50 MB (52,428,800 bytes) per STD TC008_04
-- =============================================================================

-- ---------------------------------------------------------------------------
-- TABLE: content_assets
-- Media files (photo/video) attached to a schedule slot.
-- One slot can have multiple assets (carousel support).
-- Status of parent schedule advances to 'uploaded' on first INSERT (trigger).
-- SDS Entity: ContentAsset
-- Attributes: assetId, queueCalendarId, fileSize, filename, contentType
-- ---------------------------------------------------------------------------
CREATE TABLE IF NOT EXISTS content_assets (
    id                  UUID                PRIMARY KEY DEFAULT uuid_generate_v4(),
    queue_schedule_id   UUID                NOT NULL REFERENCES content_queue_schedules(id) ON DELETE CASCADE,
    uploaded_by         UUID                NOT NULL REFERENCES users(id) ON DELETE SET NULL,

    -- File classification
    content_type        content_type_enum   NOT NULL,       -- poster_photo | short_video

    -- File metadata
    file_name           VARCHAR(500)        NOT NULL,
    file_size_bytes     BIGINT              NOT NULL,        -- max 52,428,800 (50 MB)
    file_url            TEXT                NOT NULL,        -- Supabase Storage public URL
    storage_path        TEXT                NOT NULL,        -- bucket path for delete/replace
    mime_type           VARCHAR(100),                        -- e.g. video/mp4, image/png
    duration_seconds    INT,                                 -- video length (videos only)
    thumbnail_url       TEXT,                                -- auto-generated preview image

    -- Validation flags
    is_valid            BOOLEAN             NOT NULL DEFAULT TRUE,
    validation_error    TEXT,               -- populated if file fails validation

    uploaded_at         TIMESTAMPTZ         NOT NULL DEFAULT NOW()
);

COMMENT ON TABLE  content_assets               IS 'Media assets attached to schedule slots. Max 50MB per file (STD TC008_04). Private Supabase Storage.';
COMMENT ON COLUMN content_assets.file_url      IS 'Presigned Supabase Storage URL — passed to TikTok API for upload-by-URL publish.';
COMMENT ON COLUMN content_assets.storage_path  IS 'Internal bucket path used for replacement (UC008 AF1) and deletion.';
COMMENT ON COLUMN content_assets.file_size_bytes IS 'Must be ≤ 52428800 (50MB). Enforced by Supabase Storage + backend validator.';

CREATE INDEX idx_assets_queue_schedule ON content_assets (queue_schedule_id);
CREATE INDEX idx_assets_uploaded_by    ON content_assets (uploaded_by);
CREATE INDEX idx_assets_content_type   ON content_assets (content_type);

-- ---------------------------------------------------------------------------
-- TRIGGER: advance schedule status → 'uploaded' when first asset is attached
-- SDS UC008 Postcondition: "content status is saved as Uploaded for Publishing"
-- SRS US008 NF9: "system updates the content status to Uploaded for Publishing"
-- Only advances status — never reverts (draft → scheduled → uploaded).
-- ---------------------------------------------------------------------------
CREATE OR REPLACE FUNCTION trigger_asset_upload_advance_status()
RETURNS TRIGGER LANGUAGE plpgsql AS $$
BEGIN
    UPDATE content_queue_schedules
    SET    status     = 'uploaded',
           updated_at = NOW()
    WHERE  id = NEW.queue_schedule_id
      AND  status IN ('draft', 'scheduled');      -- only advance, never revert
    RETURN NEW;
END;
$$;

CREATE TRIGGER trg_asset_upload_advance_schedule_status
    AFTER INSERT ON content_assets
    FOR EACH ROW EXECUTE FUNCTION trigger_asset_upload_advance_status();

-- ---------------------------------------------------------------------------
-- RLS: content_assets
-- Marketing Staff: full CRUD (upload, replace, delete)
-- Business Owner: read only
-- Admin: full access
-- ---------------------------------------------------------------------------
ALTER TABLE content_assets ENABLE ROW LEVEL SECURITY;

CREATE POLICY rls_assets_admin_all ON content_assets
    FOR ALL USING (get_caller_role() = 'admin');

CREATE POLICY rls_assets_staff_all ON content_assets
    FOR ALL USING (get_caller_role() = 'marketing_staff');

CREATE POLICY rls_assets_owner_read ON content_assets
    FOR SELECT USING (get_caller_role() = 'business_owner');
-- =============================================================================
-- LEADFLOW — 008_create_publish_status_logs.sql
-- Increment : 3 — Content Scheduling
-- Contains  : publish_status_logs table + schedule-update trigger +
--             notification view + RLS
-- SRS Ref   : UC009 Notify Publish Status
-- SDS Ref   : Section 5.4 — PublishStatusLog class (PublishNotifyLog)
--             Section 5.5 — Entity: PublishStatusLog — Data Dict
--             Section 5.8 — SD012 Sequence: Notify Publish Status
-- STD Ref   : TC009_01 — Notify Publish Status
-- Depends   : 001–007 migrations
-- NOTE      : This table is APPEND-ONLY (no UPDATE, no DELETE).
--             Every publish attempt = one immutable row here.
-- =============================================================================

-- ---------------------------------------------------------------------------
-- TABLE: publish_status_logs
-- Append-only audit log of every TikTok auto-publish attempt.
-- Node.js publish service writes here after each API call.
-- INSERT trigger updates parent content_queue_schedules.status accordingly.
-- SDS Entity: PublishStatusLog (PublishNotifyLog in domain model)
-- Attributes: publishStatusId, queueCalendarId, statusCode, statusMessage
-- ---------------------------------------------------------------------------
CREATE TABLE IF NOT EXISTS publish_status_logs (
    id                  UUID                PRIMARY KEY DEFAULT uuid_generate_v4(),
    queue_schedule_id   UUID                NOT NULL REFERENCES content_queue_schedules(id) ON DELETE CASCADE,

    -- Publish attempt result
    result              publish_result_enum NOT NULL,
    http_status_code    INT,                    -- TikTok API HTTP response code (200, 400, 401...)
    tiktok_post_id      VARCHAR(255),           -- TikTok video ID returned on success
    status_message      TEXT,                   -- human-readable result message shown in UI
    error_detail        TEXT,                   -- raw API error JSON for debugging
    retry_count         INT                 NOT NULL DEFAULT 0,

    -- Attempt timing (stored UTC — displayed WIB in notification panel)
    attempted_at        TIMESTAMPTZ         NOT NULL DEFAULT NOW()
);

COMMENT ON TABLE  publish_status_logs              IS 'Append-only publish attempt log. One row per attempt. Never updated or deleted.';
COMMENT ON COLUMN publish_status_logs.tiktok_post_id IS 'TikTok video ID on success — used as reference for interaction fetching (UC010).';
COMMENT ON COLUMN publish_status_logs.error_detail   IS 'Raw TikTok API error stored for backend debugging. Not shown in UI.';

CREATE INDEX idx_psl_queue_schedule ON publish_status_logs (queue_schedule_id);
CREATE INDEX idx_psl_result         ON publish_status_logs (result);
CREATE INDEX idx_psl_attempted_at   ON publish_status_logs (attempted_at DESC);
CREATE INDEX idx_psl_tiktok_post_id ON publish_status_logs (tiktok_post_id) WHERE tiktok_post_id IS NOT NULL;

-- ---------------------------------------------------------------------------
-- TRIGGER: update content_queue_schedules.status after each publish attempt
-- SDS UC009 NF4: "system updates the content status in the content calendar"
-- SRS US009 NF4: "system updates the content status"
-- success → 'published', failed → 'failed'
-- ---------------------------------------------------------------------------
CREATE OR REPLACE FUNCTION trigger_publish_log_update_schedule_status()
RETURNS TRIGGER LANGUAGE plpgsql AS $$
BEGIN
    IF NEW.result = 'success' THEN
        UPDATE content_queue_schedules
        SET    status       = 'published',
               published_at = NEW.attempted_at,
               updated_at   = NOW()
        WHERE  id = NEW.queue_schedule_id;

    ELSIF NEW.result = 'failed' THEN
        UPDATE content_queue_schedules
        SET    status    = 'failed',
               failed_at = NEW.attempted_at,
               updated_at = NOW()
        WHERE  id = NEW.queue_schedule_id;
    END IF;
    RETURN NEW;
END;
$$;

CREATE TRIGGER trg_publish_log_advance_schedule
    AFTER INSERT ON publish_status_logs
    FOR EACH ROW EXECUTE FUNCTION trigger_publish_log_update_schedule_status();

-- ---------------------------------------------------------------------------
-- VIEW: v_publish_notifications
-- Notification panel for Marketing Staff (UC009).
-- Shows latest publish result per schedule with WIB timestamps.
-- Ordered: failures first (need action), then recent successes.
-- ---------------------------------------------------------------------------
CREATE OR REPLACE VIEW v_publish_notifications AS
SELECT
    psl.id                              AS log_id,
    psl.queue_schedule_id,
    psl.result,
    psl.http_status_code,
    psl.tiktok_post_id,
    psl.status_message,
    psl.retry_count,
    to_wib(psl.attempted_at)            AS attempted_at_wib,

    -- Content context
    ci.idea_title,
    cqs.status                          AS current_schedule_status,
    to_wib(cqs.scheduled_at)            AS scheduled_at_wib,

    -- Sort order: failed first, then by recency
    CASE psl.result
        WHEN 'failed'   THEN 1
        WHEN 'retrying' THEN 2
        WHEN 'success'  THEN 3
    END                                 AS result_sort_order

FROM publish_status_logs psl
JOIN content_queue_schedules cqs ON cqs.id = psl.queue_schedule_id
JOIN content_ideas           ci  ON ci.id  = cqs.idea_id
ORDER BY result_sort_order ASC, psl.attempted_at DESC;

COMMENT ON VIEW v_publish_notifications IS 'Notification panel view. Failures surfaced first. WIB timestamps. UC009.';

-- ---------------------------------------------------------------------------
-- RLS: publish_status_logs
-- All authenticated roles can READ (Marketing Staff + Business Owner see notifications)
-- Only backend (admin service role) can INSERT — never from frontend directly
-- No UPDATE or DELETE (append-only design)
-- ---------------------------------------------------------------------------
ALTER TABLE publish_status_logs ENABLE ROW LEVEL SECURITY;

CREATE POLICY rls_psl_all_read ON publish_status_logs
    FOR SELECT USING (get_caller_role() IN ('admin', 'business_owner', 'marketing_staff'));

CREATE POLICY rls_psl_admin_insert ON publish_status_logs
    FOR INSERT WITH CHECK (get_caller_role() = 'admin');
-- =============================================================================
-- LEADFLOW — 009_create_tiktok_accounts.sql
-- Increment : 4 — TikTok Business API Integration
-- Contains  : tiktok_accounts table + token_refresh_log + FK patch for 006 +
--             connection status trigger + status view + RLS
-- SRS Ref   : UC010 Fetch Data Interaction (OAuth setup)
-- SDS Ref   : Section 5.4 — TikTokAccount class
--             Section 5.5 — Entity: TikTokAccount — Data Dict
--             Section 5.6 — Software Interface: TikTok Business API (TT-API V2)
-- Depends   : 001–008 migrations
-- SECURITY  : OAuth tokens stored AES-256 encrypted at application layer.
--             Key = env TIKTOK_TOKEN_ENCRYPTION_KEY (32 byte hex).
--             Raw tokens NEVER stored in DB. Decrypted only in Node.js backend.
-- =============================================================================

-- ---------------------------------------------------------------------------
-- TABLE: tiktok_accounts
-- Stores Krench Chicken's TikTok Business Account OAuth 2.0 connection.
-- Single business account — table designed for one record in production.
-- SDS Entity: TikTokAccount
-- Attributes: tiktokAccountId, tiktokId, tiktokAccountName, tiktokComments,
--             tiktokMessage, musicType, connectedAt + token fields
-- ---------------------------------------------------------------------------
CREATE TABLE IF NOT EXISTS tiktok_accounts (
    id                          UUID                            PRIMARY KEY DEFAULT uuid_generate_v4(),
    owner_user_id               UUID                            NOT NULL REFERENCES users(id) ON DELETE CASCADE,

    -- TikTok identity (returned by OAuth 2.0 authorization)
    tiktok_open_id              VARCHAR(255)                    NOT NULL UNIQUE,    -- TikTok stable user ID
    tiktok_account_name         VARCHAR(255)                    NOT NULL,           -- @username
    tiktok_display_name         VARCHAR(255),
    tiktok_avatar_url           TEXT,
    tiktok_follower_count       INT                             NOT NULL DEFAULT 0,

    -- OAuth 2.0 Token Storage (AES-256 encrypted at application layer)
    -- NEVER store raw tokens — always encrypt before INSERT
    access_token_encrypted      TEXT                            NOT NULL,
    refresh_token_encrypted     TEXT                            NOT NULL,
    token_scope                 TEXT[],                                             -- granted scopes e.g. {video.publish, dm.list}
    access_token_expires_at     TIMESTAMPTZ                     NOT NULL,
    refresh_token_expires_at    TIMESTAMPTZ                     NOT NULL,

    -- Connection health
    connection_status           tiktok_connection_status_enum   NOT NULL DEFAULT 'connected',
    last_token_refresh_at       TIMESTAMPTZ,
    disconnect_reason           TEXT,                           -- reason if disconnected

    -- Content preferences (SDS TikTokAccount — musicType attribute)
    preferred_music_type        VARCHAR(100),                   -- e.g. "Indonesian pop"
    default_privacy             VARCHAR(50)                     NOT NULL DEFAULT 'PUBLIC_TO_EVERYONE',

    -- API metadata
    api_version                 VARCHAR(10)                     NOT NULL DEFAULT 'v2',
    last_sync_at                TIMESTAMPTZ,                    -- last interaction data fetch

    connected_at                TIMESTAMPTZ                     NOT NULL DEFAULT NOW(),
    updated_at                  TIMESTAMPTZ                     NOT NULL DEFAULT NOW()
);

COMMENT ON TABLE  tiktok_accounts                         IS 'Krench Chicken TikTok Business Account. OAuth 2.0 tokens AES-256 encrypted.';
COMMENT ON COLUMN tiktok_accounts.access_token_encrypted  IS 'AES-256 encrypted. Decrypted ONLY in Node.js before API calls. Never sent to frontend.';
COMMENT ON COLUMN tiktok_accounts.tiktok_open_id          IS 'TikTok stable open_id — primary reference for all TikTok API calls.';

CREATE INDEX idx_tiktok_owner         ON tiktok_accounts (owner_user_id);
CREATE INDEX idx_tiktok_open_id       ON tiktok_accounts (tiktok_open_id);
CREATE INDEX idx_tiktok_status        ON tiktok_accounts (connection_status);
CREATE INDEX idx_tiktok_token_exp     ON tiktok_accounts (access_token_expires_at);

-- Auto-update updated_at
CREATE TRIGGER trg_tiktok_accounts_updated_at
    BEFORE UPDATE ON tiktok_accounts
    FOR EACH ROW EXECUTE FUNCTION trigger_set_updated_at();

-- ---------------------------------------------------------------------------
-- TRIGGER: auto-mark token expired when expiry has passed
-- Defensive guard — Node.js scheduler handles proactive refresh,
-- but this ensures DB connection_status stays consistent.
-- ---------------------------------------------------------------------------
CREATE OR REPLACE FUNCTION trigger_check_tiktok_token_expiry()
RETURNS TRIGGER LANGUAGE plpgsql AS $$
BEGIN
    IF NEW.access_token_expires_at < NOW()
       AND NEW.connection_status = 'connected' THEN
        NEW.connection_status = 'token_expired';
    END IF;
    RETURN NEW;
END;
$$;

CREATE TRIGGER trg_tiktok_token_expiry
    BEFORE UPDATE ON tiktok_accounts
    FOR EACH ROW EXECUTE FUNCTION trigger_check_tiktok_token_expiry();

-- ---------------------------------------------------------------------------
-- TABLE: tiktok_token_refresh_log
-- Audit trail of every token refresh attempt by Node.js scheduler.
-- Append-only — helps diagnose TikTok OAuth issues in production.
-- ---------------------------------------------------------------------------
CREATE TABLE IF NOT EXISTS tiktok_token_refresh_log (
    id                  UUID        PRIMARY KEY DEFAULT uuid_generate_v4(),
    tiktok_account_id   UUID        NOT NULL REFERENCES tiktok_accounts(id) ON DELETE CASCADE,
    success             BOOLEAN     NOT NULL,
    error_message       TEXT,
    new_expires_at      TIMESTAMPTZ,
    attempted_at        TIMESTAMPTZ NOT NULL DEFAULT NOW()
);

COMMENT ON TABLE tiktok_token_refresh_log IS 'Append-only audit log of OAuth token refresh attempts. Diagnose TikTok API auth failures.';

CREATE INDEX idx_token_refresh_account ON tiktok_token_refresh_log (tiktok_account_id);
CREATE INDEX idx_token_refresh_time    ON tiktok_token_refresh_log (attempted_at DESC);

-- ---------------------------------------------------------------------------
-- FK PATCH: add tiktok_account_id FK to content_queue_schedules (006)
-- content_queue_schedules was created before tiktok_accounts existed.
-- Now that tiktok_accounts is created we add the constraint here.
-- ---------------------------------------------------------------------------
ALTER TABLE content_queue_schedules
    ADD CONSTRAINT fk_cqs_tiktok_account
    FOREIGN KEY (tiktok_account_id)
    REFERENCES tiktok_accounts(id)
    ON DELETE SET NULL;

-- ---------------------------------------------------------------------------
-- VIEW: v_tiktok_account_status
-- Frontend connection panel — shows health without exposing tokens
-- Business Owner and Admin can see this
-- ---------------------------------------------------------------------------
CREATE OR REPLACE VIEW v_tiktok_account_status AS
SELECT
    ta.id,
    ta.tiktok_open_id,
    ta.tiktok_account_name,
    ta.tiktok_display_name,
    ta.tiktok_avatar_url,
    ta.tiktok_follower_count,
    ta.connection_status,
    ta.token_scope,
    ta.preferred_music_type,
    ta.default_privacy,
    ta.api_version,

    -- Token health indicators (no raw tokens exposed to view)
    (ta.access_token_expires_at  > NOW())   AS access_token_valid,
    (ta.refresh_token_expires_at > NOW())   AS refresh_token_valid,
    to_wib(ta.access_token_expires_at)      AS access_expires_wib,
    to_wib(ta.refresh_token_expires_at)     AS refresh_expires_wib,
    to_wib(ta.last_token_refresh_at)        AS last_refreshed_wib,
    to_wib(ta.last_sync_at)                 AS last_synced_wib,
    to_wib(ta.connected_at)                 AS connected_at_wib,

    up.full_name                            AS owner_name
FROM tiktok_accounts ta
LEFT JOIN user_profiles up ON up.user_id = ta.owner_user_id;

COMMENT ON VIEW v_tiktok_account_status IS 'Safe TikTok connection status. Encrypted tokens NEVER exposed. WIB timestamps.';

-- ---------------------------------------------------------------------------
-- RLS: tiktok_accounts
-- Admin: full access
-- Business Owner: read only (they own the account — dashboard monitoring)
-- Marketing Staff: read only (need to see connection status for publishing)
-- ---------------------------------------------------------------------------
ALTER TABLE tiktok_accounts ENABLE ROW LEVEL SECURITY;

CREATE POLICY rls_tiktok_admin_all ON tiktok_accounts
    FOR ALL USING (get_caller_role() = 'admin');

CREATE POLICY rls_tiktok_owner_read ON tiktok_accounts
    FOR SELECT USING (get_caller_role() = 'business_owner');

CREATE POLICY rls_tiktok_staff_read ON tiktok_accounts
    FOR SELECT USING (get_caller_role() = 'marketing_staff');

-- ---------------------------------------------------------------------------
-- RLS: tiktok_token_refresh_log
-- Admin only — this is an internal audit log
-- ---------------------------------------------------------------------------
ALTER TABLE tiktok_token_refresh_log ENABLE ROW LEVEL SECURITY;

CREATE POLICY rls_token_log_admin ON tiktok_token_refresh_log
    FOR ALL USING (get_caller_role() = 'admin');
-- =============================================================================
-- LEADFLOW — 010_create_interaction_messages.sql
-- Increment : 5 — AI Classifier & Interaction Management
-- Contains  : interaction_messages table + inbox view + RLS
-- SRS Ref   : UC010 Fetch Data Interaction, UC012 Manage Interaction Message
-- SDS Ref   : Section 5.4 — InteractionMessage class
--             Section 5.5 — Entity: InteractionMessage — Data Dict
--             Section 5.8 — SD013 Fetch, SD015 Create msg, SD016 Remove msg
-- STD Ref   : TC010_01, TC010_02, TC012_01–TC012_05
-- Depends   : 001–009 migrations
-- NOTE      : Classification results stored in 011_create_classify_type_messages.sql
--             Unified inbox = comments + DMs in one table (channel_type column)
-- =============================================================================

-- ---------------------------------------------------------------------------
-- TABLE: interaction_messages
-- Unified inbox — raw TikTok interactions fetched via Business API (UC010).
-- Both comments (public) and DMs (direct messages) stored here.
-- tiktok_message_id UNIQUE prevents duplicate rows on repeated syncs.
-- SDS Entity: InteractionMessage
-- Attributes: interactionId, interactionTypeId, interactionTypeName,
--             tiktokAccountId, messageText, channelType, totalAmountSent
-- ---------------------------------------------------------------------------
CREATE TABLE IF NOT EXISTS interaction_messages (
    id                      UUID                        PRIMARY KEY DEFAULT uuid_generate_v4(),
    tiktok_account_id       UUID                        NOT NULL REFERENCES tiktok_accounts(id) ON DELETE CASCADE,
    publish_log_id          UUID                        REFERENCES publish_status_logs(id) ON DELETE SET NULL,

    -- TikTok native identifiers (deduplication key)
    tiktok_message_id       VARCHAR(255)                NOT NULL UNIQUE,    -- TikTok's own message/comment ID
    tiktok_post_id          VARCHAR(255),                                   -- source post (NULL for DMs)
    tiktok_user_handle      VARCHAR(255),                                   -- sender @handle
    tiktok_user_id          VARCHAR(255),                                   -- sender TikTok user ID

    -- Message content
    channel_type            channel_type_enum           NOT NULL,           -- comment | dm
    message_text            TEXT                        NOT NULL,
    parent_message_id       VARCHAR(255),                                   -- for threaded comment replies

    -- Classification state (updated by trigger in 011)
    classification_status   interaction_status_enum     NOT NULL DEFAULT 'unclassified',

    -- Response tracking (UC012 Manage Interaction Message)
    response_text           TEXT,                                           -- reply drafted/sent
    response_sent_at        TIMESTAMPTZ,
    response_status         send_status_enum            NOT NULL DEFAULT 'pending',
    responded_by            UUID                        REFERENCES users(id) ON DELETE SET NULL,
    amount_message_sent     INT                         NOT NULL DEFAULT 0,  -- SDS: totalAmountSent

    -- Fetch metadata
    message_created_at      TIMESTAMPTZ,                                    -- original TikTok timestamp
    fetched_at              TIMESTAMPTZ                 NOT NULL DEFAULT NOW(),
    updated_at              TIMESTAMPTZ                 NOT NULL DEFAULT NOW()
);

COMMENT ON TABLE  interaction_messages               IS 'Unified inbox: comments + DMs. UNIQUE on tiktok_message_id prevents duplicate fetches.';
COMMENT ON COLUMN interaction_messages.channel_type  IS 'comment = public post comment; dm = TikTok direct message.';
COMMENT ON COLUMN interaction_messages.tiktok_message_id IS 'TikTok native ID. UNIQUE — prevents duplicates on repeated API syncs.';
COMMENT ON COLUMN interaction_messages.amount_message_sent IS 'Counter of replies sent from LeadFlow for this interaction (UC012).';

-- Standard indexes
CREATE INDEX idx_im_tiktok_account  ON interaction_messages (tiktok_account_id);
CREATE INDEX idx_im_channel         ON interaction_messages (channel_type);
CREATE INDEX idx_im_status          ON interaction_messages (classification_status);
CREATE INDEX idx_im_post_id         ON interaction_messages (tiktok_post_id);
CREATE INDEX idx_im_fetched         ON interaction_messages (fetched_at DESC);
CREATE INDEX idx_im_msg_created     ON interaction_messages (message_created_at DESC);

-- Full-text search on message content (pg_trgm — for inbox filter/search)
CREATE INDEX idx_im_message_trgm ON interaction_messages
    USING GIN (message_text gin_trgm_ops);

-- Auto-update updated_at
CREATE TRIGGER trg_im_updated_at
    BEFORE UPDATE ON interaction_messages
    FOR EACH ROW EXECUTE FUNCTION trigger_set_updated_at();

-- NOTE: v_interaction_inbox view is created in 011_create_classify_type_messages.sql
-- because it depends on interaction_classifications table (created in 011).

-- ---------------------------------------------------------------------------
-- RLS: interaction_messages
-- Marketing Staff: full CRUD (view, filter, respond, archive)
-- Business Owner: read only (can monitor but not respond)
-- Admin: full access
-- ---------------------------------------------------------------------------
ALTER TABLE interaction_messages ENABLE ROW LEVEL SECURITY;

CREATE POLICY rls_im_admin_all ON interaction_messages
    FOR ALL USING (get_caller_role() = 'admin');

CREATE POLICY rls_im_staff_all ON interaction_messages
    FOR ALL USING (get_caller_role() = 'marketing_staff');

CREATE POLICY rls_im_owner_read ON interaction_messages
    FOR SELECT USING (get_caller_role() = 'business_owner');
-- =============================================================================
-- LEADFLOW — 011_create_classify_type_messages.sql
-- Increment : 5 — AI Classifier & Interaction Management
-- Contains  : interaction_classifications table (ClassifyTypeMessage) +
--             classification trigger + RLS
-- SRS Ref   : UC011 Classify Interaction Message
-- SDS Ref   : Section 5.4 — ClassifyInteractionMessage class
--             Section 5.5 — Entity: ClassifyTypeMessage — Data Dict
--             Section 5.8 — SD014 Classify Interaction Message
-- STD Ref   : TC011_01, TC011_02
-- Depends   : 001–010 migrations
-- AI Service: Python FastAPI (isolated microservice)
--             Input: message_text → Output: sentiment_type + priority_level
--             Confidence threshold: < 0.60 flagged for manual review
-- =============================================================================

-- ---------------------------------------------------------------------------
-- TABLE: interaction_classifications
-- AI classification results from Python FastAPI service.
-- One row per classification attempt (append pattern — preserves history).
-- v_interaction_inbox (010) uses DISTINCT ON to get the latest per message.
-- SDS Entity: ClassifyTypeMessage
-- Attributes: classifyTypeId, sentimentTypeName, priorityLevel
-- ---------------------------------------------------------------------------
CREATE TABLE IF NOT EXISTS interaction_classifications (
    id                  UUID                PRIMARY KEY DEFAULT uuid_generate_v4(),
    interaction_id      UUID                NOT NULL REFERENCES interaction_messages(id) ON DELETE CASCADE,

    -- AI classification output (Python FastAPI service)
    sentiment_type      sentiment_type_enum NOT NULL,   -- lead_to_sales|complaint|question|praise|spam
    priority_level      priority_level_enum NOT NULL,   -- high|medium|low
    confidence_score    NUMERIC(4,3),                   -- 0.000–1.000 from AI model
    ai_reasoning        TEXT,                           -- brief explanation from AI (optional)

    -- Source of classification
    classified_by_ai    BOOLEAN             NOT NULL DEFAULT TRUE,
    classified_by_user  UUID                REFERENCES users(id) ON DELETE SET NULL,  -- manual override

    -- AI suggested reply (UC012 AF1 — Sales Interaction Handling)
    suggested_reply     TEXT,               -- generated by Python service for high-priority messages

    classified_at       TIMESTAMPTZ         NOT NULL DEFAULT NOW()
);

COMMENT ON TABLE  interaction_classifications               IS 'AI intent classification results. Python FastAPI service writes here. Append-only per message.';
COMMENT ON COLUMN interaction_classifications.sentiment_type    IS 'lead_to_sales = HIGH → surfaced at inbox top. spam = LOW → bottom.';
COMMENT ON COLUMN interaction_classifications.confidence_score  IS '0.000–1.000. Below 0.600 flagged for manual review in UI.';
COMMENT ON COLUMN interaction_classifications.suggested_reply   IS 'AI-generated reply suggestion. Shown in inbox for lead_to_sales and complaint intents.';
COMMENT ON COLUMN interaction_classifications.classified_by_ai  IS 'TRUE = Python FastAPI. FALSE = manual override by Marketing Staff.';

CREATE INDEX idx_ic_interaction   ON interaction_classifications (interaction_id);
CREATE INDEX idx_ic_sentiment     ON interaction_classifications (sentiment_type);
CREATE INDEX idx_ic_priority      ON interaction_classifications (priority_level);
CREATE INDEX idx_ic_classified_at ON interaction_classifications (classified_at DESC);

-- ---------------------------------------------------------------------------
-- TRIGGER: update interaction_messages.classification_status → 'classified'
-- SDS UC011 NF7: "system updates the interaction record with its type"
-- SRS US011 NF6: "system stores the classification result"
-- Fires after Python FastAPI service inserts classification result.
-- ---------------------------------------------------------------------------
CREATE OR REPLACE FUNCTION trigger_classification_update_message_status()
RETURNS TRIGGER LANGUAGE plpgsql AS $$
BEGIN
    UPDATE interaction_messages
    SET    classification_status = 'classified',
           updated_at = NOW()
    WHERE  id = NEW.interaction_id;
    RETURN NEW;
END;
$$;

CREATE TRIGGER trg_classification_update_message
    AFTER INSERT ON interaction_classifications
    FOR EACH ROW EXECUTE FUNCTION trigger_classification_update_message_status();

-- ---------------------------------------------------------------------------
-- RLS: interaction_classifications
-- Marketing Staff: SELECT (read AI results) + INSERT for manual override only
-- Admin: full access
-- Business Owner: no access (classification is operational data)
-- ---------------------------------------------------------------------------
ALTER TABLE interaction_classifications ENABLE ROW LEVEL SECURITY;

CREATE POLICY rls_ic_admin_all ON interaction_classifications
    FOR ALL USING (get_caller_role() = 'admin');

CREATE POLICY rls_ic_staff_read ON interaction_classifications
    FOR SELECT USING (get_caller_role() = 'marketing_staff');

CREATE POLICY rls_ic_staff_override ON interaction_classifications
    FOR INSERT WITH CHECK (
        get_caller_role() = 'marketing_staff'
        AND classified_by_ai = FALSE    -- frontend may only insert manual overrides
    );

-- ---------------------------------------------------------------------------
-- VIEW: v_interaction_inbox
-- Created HERE (in 011) because it needs BOTH:
--   interaction_messages (created in 010)
--   interaction_classifications (created in 011)
-- Unified inbox for Marketing Staff — sorted by AI priority (UC012 NF4).
-- Priority: lead_to_sales(1) > complaint(2) > question(3) > praise(4) > spam(5)
-- ---------------------------------------------------------------------------
CREATE OR REPLACE VIEW v_interaction_inbox AS
WITH latest_classification AS (
    SELECT DISTINCT ON (interaction_id)
        interaction_id,
        sentiment_type,
        priority_level,
        confidence_score,
        suggested_reply,
        classified_at
    FROM interaction_classifications
    ORDER BY interaction_id, classified_at DESC
)
SELECT
    im.id                                               AS interaction_id,
    im.tiktok_account_id,
    im.tiktok_message_id,
    im.tiktok_user_handle,
    im.tiktok_post_id,
    im.channel_type,
    im.message_text,
    im.classification_status,
    im.response_status,
    im.response_text,
    im.amount_message_sent,
    to_wib(im.response_sent_at)                         AS responded_at_wib,
    to_wib(im.message_created_at)                       AS message_created_wib,
    to_wib(im.fetched_at)                               AS fetched_at_wib,
    lc.sentiment_type,
    lc.priority_level,
    lc.confidence_score,
    lc.suggested_reply,
    CASE lc.sentiment_type
        WHEN 'lead_to_sales' THEN 1
        WHEN 'complaint'     THEN 2
        WHEN 'question'      THEN 3
        WHEN 'praise'        THEN 4
        WHEN 'spam'          THEN 5
        ELSE 99
    END                                                 AS priority_sort_order,
    up.full_name                                        AS responded_by_name
FROM interaction_messages    im
LEFT JOIN latest_classification lc ON lc.interaction_id = im.id
LEFT JOIN user_profiles         up ON up.user_id = im.responded_by;

COMMENT ON VIEW v_interaction_inbox IS 'Marketing Staff unified inbox. Sorted by priority_sort_order ASC. WIB times.';
-- =============================================================================
-- LEADFLOW — 012_create_weekly_dashboard_reports.sql
-- Increment : 5 — AI Classifier & Interaction Management
-- Contains  : weekly_dashboard_reports table + dashboard views + RLS
-- SRS Ref   : UC013 View Weekly Dashboard
-- SDS Ref   : Section 5.4 — WeeklyDashboardReport class
--             Section 5.5 — Entity: WeeklyDashboardReport — Data Dict
--             Section 5.8 — SD017 Filter Week, SD018 View Dashboard
--             Section 6   — UI: Weekly Dashboard Performance Page
-- STD Ref   : TC013_01 View Performance Metric, TC013_02 Filter Performance
-- Depends   : 001–011 migrations (final migration — all tables exist)
-- SCHEDULE  : Populated by Node.js cron job every Monday 00:00 WIB
--             Can also be manually triggered via admin API endpoint
-- =============================================================================

-- ---------------------------------------------------------------------------
-- TABLE: weekly_dashboard_reports
-- Aggregated weekly TikTok performance for Business Owner dashboard.
-- One row per TikTok account per week (UNIQUE constraint).
-- Populated automatically by a scheduled Node.js job.
-- SDS Entity: WeeklyDashboardReport
-- Attributes: reportId, tiktokAccountId, queueCalendarId,
--             weekStart, weekEnd, totalPosts, totalInteractions
-- ---------------------------------------------------------------------------
CREATE TABLE IF NOT EXISTS weekly_dashboard_reports (
    id                          UUID        PRIMARY KEY DEFAULT uuid_generate_v4(),
    tiktok_account_id           UUID        NOT NULL REFERENCES tiktok_accounts(id) ON DELETE CASCADE,

    -- Report period (WIB dates stored as DATE)
    -- Stored as WIB calendar dates intentionally — business weeks in Jakarta time
    week_start                  DATE        NOT NULL,   -- Monday (WIB)
    week_end                    DATE        NOT NULL,   -- Sunday (WIB)

    -- Content performance (UC013 dashboard metrics)
    total_posts_published       INT         NOT NULL DEFAULT 0,
    total_posts_scheduled       INT         NOT NULL DEFAULT 0,
    total_posts_failed          INT         NOT NULL DEFAULT 0,
    posting_consistency_pct     NUMERIC(5,2),           -- (published / scheduled) * 100

    -- TikTok engagement (fetched from TikTok Analytics API)
    total_views                 BIGINT      NOT NULL DEFAULT 0,
    total_likes                 BIGINT      NOT NULL DEFAULT 0,
    total_comments              BIGINT      NOT NULL DEFAULT 0,
    total_shares                BIGINT      NOT NULL DEFAULT 0,
    total_saves                 BIGINT      NOT NULL DEFAULT 0,
    follower_count_start        INT         NOT NULL DEFAULT 0,
    follower_count_end          INT         NOT NULL DEFAULT 0,
    -- Computed column: no manual input needed
    follower_growth             INT         GENERATED ALWAYS AS (follower_count_end - follower_count_start) STORED,

    -- Interaction metrics (UC013)
    total_interactions          INT         NOT NULL DEFAULT 0,   -- comments + DMs combined
    total_dms                   INT         NOT NULL DEFAULT 0,
    total_comments_received     INT         NOT NULL DEFAULT 0,
    total_responses_sent        INT         NOT NULL DEFAULT 0,
    response_rate_pct           NUMERIC(5,2),           -- (responses_sent / total_interactions) * 100

    -- Intent breakdown (from AI classifier aggregation)
    leads_count                 INT         NOT NULL DEFAULT 0,
    complaints_count            INT         NOT NULL DEFAULT 0,
    questions_count             INT         NOT NULL DEFAULT 0,
    praise_count                INT         NOT NULL DEFAULT 0,
    spam_count                  INT         NOT NULL DEFAULT 0,

    -- Report metadata
    generated_at                TIMESTAMPTZ NOT NULL DEFAULT NOW(),
    data_source                 VARCHAR(20) NOT NULL DEFAULT 'auto',    -- 'auto' | 'manual_recalc'

    -- One report per account per week
    CONSTRAINT uq_weekly_report UNIQUE (tiktok_account_id, week_start)
);

COMMENT ON TABLE  weekly_dashboard_reports              IS 'Weekly TikTok performance snapshot for Business Owner. One row per account per week.';
COMMENT ON COLUMN weekly_dashboard_reports.week_start   IS 'Monday of the WIB week. Business Owner filters: this_week | last_week | two_weeks_ago.';
COMMENT ON COLUMN weekly_dashboard_reports.follower_growth IS 'Computed column (follower_count_end - follower_count_start). Auto-maintained by PostgreSQL.';
COMMENT ON COLUMN weekly_dashboard_reports.posting_consistency_pct IS 'KPI: published/scheduled * 100. Target ≥ 80% for Krench Chicken.';
COMMENT ON COLUMN weekly_dashboard_reports.response_rate_pct IS 'KPI: responses_sent/total_interactions * 100. Tracks engagement responsiveness.';

CREATE INDEX idx_wdr_account    ON weekly_dashboard_reports (tiktok_account_id);
CREATE INDEX idx_wdr_week_start ON weekly_dashboard_reports (week_start DESC);

-- ---------------------------------------------------------------------------
-- VIEW: v_weekly_dashboard_current
-- Business Owner dashboard: this_week | last_week | two_weeks_ago (UC013 NF5)
-- Frontend filters by week_label column.
-- All date comparisons use Asia/Jakarta timezone per display rule.
-- ---------------------------------------------------------------------------
CREATE OR REPLACE VIEW v_weekly_dashboard_current AS
SELECT
    wdr.id                                      AS report_id,
    wdr.tiktok_account_id,
    wdr.week_start,
    wdr.week_end,
    wdr.total_posts_published,
    wdr.total_posts_scheduled,
    wdr.total_posts_failed,
    wdr.posting_consistency_pct,
    wdr.total_views,
    wdr.total_likes,
    wdr.total_comments,
    wdr.total_shares,
    wdr.total_saves,
    wdr.follower_count_start,
    wdr.follower_count_end,
    wdr.follower_growth,
    wdr.total_interactions,
    wdr.total_dms,
    wdr.total_comments_received,
    wdr.total_responses_sent,
    wdr.response_rate_pct,
    wdr.leads_count,
    wdr.complaints_count,
    wdr.questions_count,
    wdr.praise_count,
    wdr.spam_count,
    to_wib(wdr.generated_at)                    AS generated_at_wib,

    -- Week label for frontend filter (UC013 NF5)
    CASE
        WHEN wdr.week_start = DATE_TRUNC('week', NOW() AT TIME ZONE 'Asia/Jakarta')::DATE
            THEN 'this_week'
        WHEN wdr.week_start = (DATE_TRUNC('week', NOW() AT TIME ZONE 'Asia/Jakarta') - INTERVAL '7 days')::DATE
            THEN 'last_week'
        WHEN wdr.week_start = (DATE_TRUNC('week', NOW() AT TIME ZONE 'Asia/Jakarta') - INTERVAL '14 days')::DATE
            THEN 'two_weeks_ago'
        ELSE 'older'
    END                                         AS week_label,

    -- TikTok account info
    ta.tiktok_account_name,
    ta.tiktok_display_name,
    ta.tiktok_avatar_url,
    ta.tiktok_follower_count                    AS current_followers

FROM weekly_dashboard_reports wdr
JOIN tiktok_accounts ta ON ta.id = wdr.tiktok_account_id
WHERE wdr.week_start >= (
    DATE_TRUNC('week', NOW() AT TIME ZONE 'Asia/Jakarta') - INTERVAL '14 days'
)::DATE
ORDER BY wdr.week_start DESC;

COMMENT ON VIEW v_weekly_dashboard_current IS 'Business Owner dashboard: 3-week view. Filter by week_label (this_week|last_week|two_weeks_ago). WIB dates.';

-- ---------------------------------------------------------------------------
-- VIEW: v_weekly_dashboard_summary
-- High-level KPI summary for Business Owner top of dashboard
-- ---------------------------------------------------------------------------
CREATE OR REPLACE VIEW v_weekly_dashboard_summary AS
SELECT
    ta.tiktok_account_name,
    ta.tiktok_display_name,

    -- This week vs last week deltas
    current_week.total_posts_published              AS this_week_posts,
    last_week.total_posts_published                 AS last_week_posts,
    (current_week.total_posts_published - COALESCE(last_week.total_posts_published, 0))
                                                    AS posts_delta,

    current_week.total_interactions                 AS this_week_interactions,
    last_week.total_interactions                    AS last_week_interactions,

    current_week.follower_growth                    AS this_week_follower_growth,
    current_week.posting_consistency_pct            AS consistency_pct,
    current_week.response_rate_pct,
    current_week.leads_count                        AS this_week_leads

FROM tiktok_accounts ta
LEFT JOIN weekly_dashboard_reports current_week ON
    current_week.tiktok_account_id = ta.id
    AND current_week.week_start = DATE_TRUNC('week', NOW() AT TIME ZONE 'Asia/Jakarta')::DATE
LEFT JOIN weekly_dashboard_reports last_week ON
    last_week.tiktok_account_id = ta.id
    AND last_week.week_start = (DATE_TRUNC('week', NOW() AT TIME ZONE 'Asia/Jakarta') - INTERVAL '7 days')::DATE;

COMMENT ON VIEW v_weekly_dashboard_summary IS 'KPI summary cards with week-over-week deltas. Business Owner top-of-dashboard.';

-- ---------------------------------------------------------------------------
-- RLS: weekly_dashboard_reports
-- Business Owner: full SELECT (this is their primary feature)
-- Admin: full access (can manually recalculate)
-- Marketing Staff: intentionally NO access (SDS UC013 — Business Owner only)
-- ---------------------------------------------------------------------------
ALTER TABLE weekly_dashboard_reports ENABLE ROW LEVEL SECURITY;

CREATE POLICY rls_wdr_admin_all ON weekly_dashboard_reports
    FOR ALL USING (get_caller_role() = 'admin');

CREATE POLICY rls_wdr_owner_read ON weekly_dashboard_reports
    FOR SELECT USING (get_caller_role() = 'business_owner');

-- Marketing Staff has NO policy → blocked by RLS (SDS design intent).
-- =============================================================================
-- LEADFLOW — seeds/seeds_roles.sql
-- Purpose   : Seed fixed role definitions
-- SRS Ref   : Section 2.1 — User Roles (Admin, Business Owner, Marketing Staff)
-- Run After : 001_Create_roles.sql
-- NOTE      : Fixed UUIDs used so other seed files can reference them safely
-- =============================================================================

INSERT INTO roles (id, name, description) VALUES
(
    '00000000-0000-0000-0000-000000000001',
    'admin',
    'System administrator. Full access: user management, account oversight, system configuration.'
),
(
    '00000000-0000-0000-0000-000000000002',
    'business_owner',
    'Krench Chicken owner. Access: weekly dashboard, performance monitoring, role management.'
),
(
    '00000000-0000-0000-0000-000000000003',
    'marketing_staff',
    'Krench Chicken marketing team. Access: AI content generation, calendar, media upload, interaction inbox.'
)
ON CONFLICT (name) DO NOTHING;
-- =============================================================================
-- LEADFLOW — seeds/seeds_admin.sql
-- Purpose   : Seed all users, profiles, TikTok account + sample data
-- SRS Ref   : Appendix B — Stakeholders: Dadang Hermawan, Almira Gantari Dafianti
-- Run After : seeds_roles.sql + all 12 migrations
-- PASSWORDS (DEV ONLY — change before production):
--   Admin          → LeadFlow@Admin2024!
--   Business Owner → KrenchOwner@2024!
--   Almira (Staff) → Marketing@Almira24!
--   Staff 2        → Marketing@Staff24!
-- =============================================================================

-- ---------------------------------------------------------------------------
-- USERS
-- ---------------------------------------------------------------------------
INSERT INTO users (id, role_id, email, password_hash, is_active, email_verified) VALUES
(
    'aaaaaaaa-0000-0000-0000-000000000001',
    '00000000-0000-0000-0000-000000000001',     -- admin
    'admin@leadflow.krench.id',
    crypt('LeadFlow@Admin2024!', gen_salt('bf', 12)),
    TRUE, TRUE
),
(
    'aaaaaaaa-0000-0000-0000-000000000002',
    '00000000-0000-0000-0000-000000000002',     -- business_owner
    'dadanghermawan@krenchchicken.id',
    crypt('KrenchOwner@2024!', gen_salt('bf', 12)),
    TRUE, TRUE
),
(
    'aaaaaaaa-0000-0000-0000-000000000003',
    '00000000-0000-0000-0000-000000000003',     -- marketing_staff (primary — Almira)
    'almira@krenchchicken.id',
    crypt('Marketing@Almira24!', gen_salt('bf', 12)),
    TRUE, TRUE
),
(
    'aaaaaaaa-0000-0000-0000-000000000004',
    '00000000-0000-0000-0000-000000000003',     -- marketing_staff (secondary)
    'marketing2@krenchchicken.id',
    crypt('Marketing@Staff24!', gen_salt('bf', 12)),
    TRUE, TRUE
)
ON CONFLICT (email) DO NOTHING;

-- ---------------------------------------------------------------------------
-- USER PROFILES
-- Trigger auto-creates shells on INSERT above — update with real names here
-- ---------------------------------------------------------------------------
UPDATE user_profiles SET full_name = 'LeadFlow Admin',            phone = NULL
WHERE user_id = 'aaaaaaaa-0000-0000-0000-000000000001';

UPDATE user_profiles SET full_name = 'Dadang Hermawan',           phone = '+6281532217552'
WHERE user_id = 'aaaaaaaa-0000-0000-0000-000000000002';

UPDATE user_profiles SET full_name = 'Almira Gantari Dafianti',   phone = '+6281234567890'
WHERE user_id = 'aaaaaaaa-0000-0000-0000-000000000003';

UPDATE user_profiles SET full_name = 'Marketing Staff 2',         phone = NULL
WHERE user_id = 'aaaaaaaa-0000-0000-0000-000000000004';

-- ---------------------------------------------------------------------------
-- TIKTOK ACCOUNT
-- Placeholder — real encrypted tokens set after OAuth 2.0 flow in production
-- ---------------------------------------------------------------------------
INSERT INTO tiktok_accounts (
    id,
    owner_user_id,
    tiktok_open_id,
    tiktok_account_name,
    tiktok_display_name,
    access_token_encrypted,
    refresh_token_encrypted,
    token_scope,
    access_token_expires_at,
    refresh_token_expires_at,
    connection_status,
    preferred_music_type,
    tiktok_follower_count
) VALUES (
    'bbbbbbbb-0000-0000-0000-000000000001',
    'aaaaaaaa-0000-0000-0000-000000000002',     -- owned by Dadang (Business Owner)
    'TIKTOK_OPEN_ID_PLACEHOLDER',
    '@krenchchicken.id',
    'Krench Chicken 🍗',
    'ENCRYPTED_ACCESS_TOKEN_PLACEHOLDER',       -- replace via /api/tiktok/oauth/connect
    'ENCRYPTED_REFRESH_TOKEN_PLACEHOLDER',
    ARRAY['video.publish', 'video.list', 'comment.list', 'dm.list'],
    NOW() + INTERVAL '24 hours',
    NOW() + INTERVAL '365 days',
    'connected',
    'Indonesian pop trending',
    1250
) ON CONFLICT (tiktok_open_id) DO NOTHING;

-- ---------------------------------------------------------------------------
-- SAMPLE PROMPTS — realistic Krench Chicken marketing briefs
-- ---------------------------------------------------------------------------
INSERT INTO prompts (id, user_id, prompt_text, target_audience, content_theme) VALUES
(
    'cccccccc-0000-0000-0000-000000000001',
    'aaaaaaaa-0000-0000-0000-000000000003',
    'Create a TikTok content idea showcasing Krench Chicken crispy fried chicken. Focus on the crunchy texture and Indonesian spice flavors. Target young adults in Bogor who love street food.',
    'Young adults 18–30 in Bogor, West Java',
    'menu_showcase'
),
(
    'cccccccc-0000-0000-0000-000000000002',
    'aaaaaaaa-0000-0000-0000-000000000003',
    'Generate a behind-the-scenes TikTok idea showing how Krench Chicken prepares fresh fried chicken daily. Emphasize freshness and quality. Use trending audio.',
    'Food enthusiasts and foodies in Bogor',
    'behind_the_scenes'
),
(
    'cccccccc-0000-0000-0000-000000000003',
    'aaaaaaaa-0000-0000-0000-000000000003',
    'Create a promotional TikTok idea for Krench Chicken evening set deals. We sell remaining stock at discounted price after 7 PM. Drive urgency and FOMO.',
    'Budget-conscious young adults, workers leaving office after 5 PM',
    'promotion'
)
ON CONFLICT DO NOTHING;

-- ---------------------------------------------------------------------------
-- SAMPLE CONTENT IDEAS — simulating GPT-4o output
-- ---------------------------------------------------------------------------
INSERT INTO content_ideas (
    id, prompt_id, created_by, idea_title, hook, caption, hashtags,
    suggested_music, estimated_duration, status, ai_model_used
) VALUES
(
    'dddddddd-0000-0000-0000-000000000001',
    'cccccccc-0000-0000-0000-000000000001',
    'aaaaaaaa-0000-0000-0000-000000000003',
    'The Crunch That Hits Different',
    'POV: You just heard the crunch from across the room 👂🍗',
    'Krench Chicken is NOT your average fried chicken. Our secret Indonesian spice blend makes every bite unforgettable. Come find us in Bogor! 📍',
    ARRAY['#KrenchChicken','#AyamKrispy','#BogorFood','#StreetFood','#FriedChicken'],
    'Trending Indonesian pop',
    30,
    'approved',
    'gpt-4o'
),
(
    'dddddddd-0000-0000-0000-000000000002',
    'cccccccc-0000-0000-0000-000000000001',
    'aaaaaaaa-0000-0000-0000-000000000003',
    'Rating Every Piece at Krench Chicken',
    'Which part is the BEST? We rate them all 🔥',
    'Breast? Wing? Upper thigh? Lower thigh? Which one is your favorite? Try them all at Krench Chicken Bogor! 🍗',
    ARRAY['#KrenchChicken','#ChickenReview','#BogorEats','#FoodTikTok'],
    'Upbeat trend sound',
    45,
    'pending_validation',
    'gpt-4o'
),
(
    'dddddddd-0000-0000-0000-000000000003',
    'cccccccc-0000-0000-0000-000000000002',
    'aaaaaaaa-0000-0000-0000-000000000003',
    'Day in the Life: Krench Chicken Kitchen',
    'We start at 6 AM so your chicken is PERFECT by lunch ⏰',
    'Fresh every single day. No shortcuts. This is how we make Krench Chicken the crispiest in Bogor! 🔥🍗',
    ARRAY['#BehindTheScenes','#KrenchChicken','#FoodProcess','#BogorCulinary'],
    'Lofi kitchen vibes',
    60,
    'rejected',
    'gpt-4o'
)
ON CONFLICT DO NOTHING;

-- Update validation metadata for approved and rejected ideas
UPDATE content_ideas SET
    validated_by = 'aaaaaaaa-0000-0000-0000-000000000003',
    validated_at = NOW() - INTERVAL '1 day'
WHERE id = 'dddddddd-0000-0000-0000-000000000001';

UPDATE content_ideas SET
    rejected_reason = 'Video production not ready yet. Will revisit next sprint.',
    validated_by    = 'aaaaaaaa-0000-0000-0000-000000000003',
    validated_at    = NOW() - INTERVAL '2 days'
WHERE id = 'dddddddd-0000-0000-0000-000000000003';

-- ---------------------------------------------------------------------------
-- SAMPLE CONTENT QUEUE SCHEDULE
-- The approved idea above auto-triggers a draft via trigger.
-- This seed covers environments where trigger runs on existing data.
-- ---------------------------------------------------------------------------
INSERT INTO content_queue_schedules (
    id, idea_id, tiktok_account_id, created_by,
    status, priority_order, scheduled_at, auto_publish,
    custom_music_title
) VALUES (
    'eeeeeeee-0000-0000-0000-000000000001',
    'dddddddd-0000-0000-0000-000000000001',
    'bbbbbbbb-0000-0000-0000-000000000001',
    'aaaaaaaa-0000-0000-0000-000000000003',
    'scheduled',
    1,
    -- 2 days from now at 19:00 WIB (stored as UTC = 12:00 UTC)
    (DATE_TRUNC('day', NOW() AT TIME ZONE 'Asia/Jakarta') + INTERVAL '2 days' + INTERVAL '19 hours')
        AT TIME ZONE 'Asia/Jakarta' AT TIME ZONE 'UTC',
    TRUE,
    'Trending Indonesian Pop - 2025'
) ON CONFLICT DO NOTHING;

-- ---------------------------------------------------------------------------
-- SAMPLE INTERACTION MESSAGES — simulating TikTok API fetch (UC010)
-- Covers all 5 intent categories for AI classification testing
-- ---------------------------------------------------------------------------
INSERT INTO interaction_messages (
    id, tiktok_account_id, tiktok_message_id, tiktok_user_handle,
    channel_type, message_text, classification_status, message_created_at
) VALUES
(
    'ffffffff-0000-0000-0000-000000000001',
    'bbbbbbbb-0000-0000-0000-000000000001',
    'TT_MSG_001', '@ayam_lover_bogor',
    'comment', 'Dimana lokasi Krench Chicken? Mau order sekarang! 🍗',
    'classified', NOW() - INTERVAL '1 hour'
),
(
    'ffffffff-0000-0000-0000-000000000002',
    'bbbbbbbb-0000-0000-0000-000000000001',
    'TT_MSG_002', '@foodie_bogor99',
    'comment', 'Harga untuk 1 ekor berapa ya? Ada paket keluarga gak?',
    'classified', NOW() - INTERVAL '3 hours'
),
(
    'ffffffff-0000-0000-0000-000000000003',
    'bbbbbbbb-0000-0000-0000-000000000001',
    'TT_MSG_003', '@kritikus_makanan',
    'dm', 'Kemarin pesan, ayamnya kurang crispy. Tolong diperbaiki ya.',
    'classified', NOW() - INTERVAL '5 hours'
),
(
    'ffffffff-0000-0000-0000-000000000004',
    'bbbbbbbb-0000-0000-0000-000000000001',
    'TT_MSG_004', '@bogor_eats',
    'comment', 'Enak banget! Krench Chicken terbaik di Bogor 🔥🍗',
    'classified', NOW() - INTERVAL '6 hours'
),
(
    'ffffffff-0000-0000-0000-000000000005',
    'bbbbbbbb-0000-0000-0000-000000000001',
    'TT_MSG_005', '@spam_acc_xyz',
    'comment', 'Follow me for free followers! Click link in bio!',
    'classified', NOW() - INTERVAL '8 hours'
)
ON CONFLICT (tiktok_message_id) DO NOTHING;

-- ---------------------------------------------------------------------------
-- SAMPLE AI CLASSIFICATIONS — simulating Python FastAPI output (UC011)
-- ---------------------------------------------------------------------------
INSERT INTO interaction_classifications (
    interaction_id, sentiment_type, priority_level,
    confidence_score, suggested_reply, classified_by_ai
) VALUES
(
    'ffffffff-0000-0000-0000-000000000001',
    'lead_to_sales', 'high', 0.952,
    'Halo kak! Krench Chicken ada di Jl. [Alamat Lengkap], Bogor. Buka jam 10 pagi - 9 malam. Yuk mampir sekarang! 🍗',
    TRUE
),
(
    'ffffffff-0000-0000-0000-000000000002',
    'question', 'medium', 0.881,
    'Halo kak! Harga per potong mulai dari Rp 12.000. Ada paket hemat 5 potong + nasi lho! Mau tau lebih? DM ya 😊',
    TRUE
),
(
    'ffffffff-0000-0000-0000-000000000003',
    'complaint', 'high', 0.934,
    'Halo kak, mohon maaf atas pengalaman yang kurang memuaskan. Kami akan perbaiki. Boleh cerita lebih detail? Kami ingin kompensasi untuk kakak 🙏',
    TRUE
),
(
    'ffffffff-0000-0000-0000-000000000004',
    'praise', 'low', 0.967,
    'Makasih banyak kak! Support dari kakak bikin kami semangat masak 🍗❤️ Sampai ketemu lagi ya!',
    TRUE
),
(
    'ffffffff-0000-0000-0000-000000000005',
    'spam', 'low', 0.991,
    NULL,
    TRUE
)
ON CONFLICT DO NOTHING;

-- ---------------------------------------------------------------------------
-- SAMPLE WEEKLY DASHBOARD REPORTS — Business Owner view data (UC013)
-- STD TC013_01 this_week, TC013_02 filter: last_week, two_weeks_ago
-- ---------------------------------------------------------------------------
INSERT INTO weekly_dashboard_reports (
    tiktok_account_id, week_start, week_end,
    total_posts_published, total_posts_scheduled, total_posts_failed,
    posting_consistency_pct,
    total_views, total_likes, total_comments, total_shares, total_saves,
    follower_count_start, follower_count_end,
    total_interactions, total_dms, total_comments_received, total_responses_sent,
    response_rate_pct,
    leads_count, complaints_count, questions_count, praise_count, spam_count
) VALUES
-- This week
(
    'bbbbbbbb-0000-0000-0000-000000000001',
    DATE_TRUNC('week', NOW() AT TIME ZONE 'Asia/Jakarta')::DATE,
    (DATE_TRUNC('week', NOW() AT TIME ZONE 'Asia/Jakarta') + INTERVAL '6 days')::DATE,
    3, 4, 1, 75.00,
    4500, 320, 87, 45, 23,
    1210, 1250,
    92, 12, 80, 47, 51.09,
    18, 7, 35, 22, 10
),
-- Last week
(
    'bbbbbbbb-0000-0000-0000-000000000001',
    (DATE_TRUNC('week', NOW() AT TIME ZONE 'Asia/Jakarta') - INTERVAL '7 days')::DATE,
    (DATE_TRUNC('week', NOW() AT TIME ZONE 'Asia/Jakarta') - INTERVAL '1 day')::DATE,
    2, 4, 2, 50.00,
    2100, 180, 42, 21, 9,
    1175, 1210,
    63, 8, 55, 29, 46.03,
    10, 5, 28, 12, 8
),
-- Two weeks ago
(
    'bbbbbbbb-0000-0000-0000-000000000001',
    (DATE_TRUNC('week', NOW() AT TIME ZONE 'Asia/Jakarta') - INTERVAL '14 days')::DATE,
    (DATE_TRUNC('week', NOW() AT TIME ZONE 'Asia/Jakarta') - INTERVAL '8 days')::DATE,
    4, 5, 1, 80.00,
    6200, 510, 134, 78, 41,
    1140, 1175,
    148, 19, 129, 98, 66.22,
    28, 9, 62, 38, 11
)
ON CONFLICT (tiktok_account_id, week_start) DO NOTHING;